<?xml version="1.0" encoding="UTF-8" standalone="no"?><manifest xmlns="http://www.imsglobal.org/xsd/imscp_v1p1" xmlns:adlcp="http://www.adlnet.org/xsd/adlcp_v1p3" xmlns:adlnav="http://www.adlnet.org/xsd/adlnav_v1p3" xmlns:adlseq="http://www.adlnet.org/xsd/adlseq_v1p3" xmlns:imsmd="http://ltsc.ieee.org/xsd/LOM" xmlns:imsss="http://www.imsglobal.org/xsd/imsss" xmlns:xsi="http://www.w3.org/2001/XMLSchema-instance" identifier="eAdventureGame" xsi:schemaLocation="http://www.imsglobal.org/xsd/imscp_v1p1 imscp_v1p1.xsd http://ltsc.ieee.org/xsd/LOM lom.xsd http://www.adlnet.org/xsd/adlcp_v1p3 adlcp_v1p3.xsd http://www.imsglobal.org/xsd/imsss imsss_v1p0.xsd http://www.adlnet.org/xsd/adlseq_v1p3 adlseq_v1p3.xsd http://www.adlnet.org/xsd/adlnav_v1p3 adlnav_v1p3.xsd">
	<metadata>
		<schema>ADL SCORM</schema>
		<schemaversion>2004 3rd Edition</schemaversion>
	</metadata>
	<organizations default="eAdventure">
		<organization identifier="eAdventure" structure="hierarchical">
			<title>Qualitative Game - Level 2</title>
			<item identifier="itm_eAdventure" identifierref="res_eAdventure" isvisible="true">
				<title>Qualitative Game - Level 2</title>
			</item>
		</organization>
	</organizations>
	<resources>
		<resource adlcp:scormType="sco" href="CHERMUG-Qualitative-Level2-RO_ro.html" identifier="res_eAdventure" type="webcontent">
			<metadata>
				<imsmd:lom>
					<imsmd:general>
						<imsmd:language>en</imsmd:language>
					</imsmd:general>
					<imsmd:lifeCycle/>
					<imsmd:technical>
						<imsmd:requirement>
							<imsmd:orComposite>
								<imsmd:minimumVersion>1.3</imsmd:minimumVersion>
								<imsmd:maximumVersion>1.3</imsmd:maximumVersion>
							</imsmd:orComposite>
						</imsmd:requirement>
					</imsmd:technical>
					<imsmd:educational>
						<imsmd:interactivityType>
							<imsmd:source>
								<imsmd:string language="x-none">LOMv1.0</imsmd:string>
							</imsmd:source>
							<imsmd:value>
								<imsmd:string language="x-none">active</imsmd:string>
							</imsmd:value>
						</imsmd:interactivityType>
						<imsmd:learningResourceType>
							<imsmd:source>
								<imsmd:string language="x-none">LOMv1.0</imsmd:string>
							</imsmd:source>
							<imsmd:value>
								<imsmd:string language="x-none">exercise</imsmd:string>
							</imsmd:value>
						</imsmd:learningResourceType>
						<imsmd:interactivityLevel>
							<imsmd:source>
								<imsmd:string language="x-none">LOMv1.0</imsmd:string>
							</imsmd:source>
							<imsmd:value>
								<imsmd:string language="x-none">very low</imsmd:string>
							</imsmd:value>
						</imsmd:interactivityLevel>
						<imsmd:semanticDensity>
							<imsmd:source>
								<imsmd:string language="x-none">LOMv1.0</imsmd:string>
							</imsmd:source>
							<imsmd:value>
								<imsmd:string language="x-none">very low</imsmd:string>
							</imsmd:value>
						</imsmd:semanticDensity>
						<imsmd:intendedEndUserRole>
							<imsmd:source>
								<imsmd:string language="x-none">LOMv1.0</imsmd:string>
							</imsmd:source>
							<imsmd:value>
								<imsmd:string language="x-none">teacher</imsmd:string>
							</imsmd:value>
						</imsmd:intendedEndUserRole>
						<imsmd:context>
							<imsmd:source>
								<imsmd:string language="x-none">LOMv1.0</imsmd:string>
							</imsmd:source>
							<imsmd:value>
								<imsmd:string language="x-none">school</imsmd:string>
							</imsmd:value>
						</imsmd:context>
						<imsmd:difficulty>
							<imsmd:source>
								<imsmd:string language="x-none">LOMv1.0</imsmd:string>
							</imsmd:source>
							<imsmd:value>
								<imsmd:string language="x-none">very easy</imsmd:string>
							</imsmd:value>
						</imsmd:difficulty>
						<imsmd:typicalLearningTime>
							<imsmd:duration/>
						</imsmd:typicalLearningTime>
						<imsmd:language>en</imsmd:language>
					</imsmd:educational>
				</imsmd:lom>
			</metadata>
			<file href="CHERMUG-Qualitative-Level2-RO_ro.html"/>
			<file href="eadventure.js"/>
			<file href="CHERMUG-Qualitative-Level2-RO_ro.jar"/>
			<file href="splashScreen.gif"/>
		</resource>
	</resources>
</manifest>